Year,Movie,Also Produced,Worldwide Box Office,RT Critic Score,RT Audience Score,Screen Time,Screen Time Pct
2017,Spider-Man: Homecoming,No,$880.9M,92%,87%,2:45,2.1%
2017,The Greatest Showman,No,$471.9M,56%,86%,15:00,14.3%
2019,Spider-Man: Far From Home,No,$1133M,91%,95%,19:30,15.1%
2021,Dune,No,$411M,83%,90%,6:22,4.1%
2021,Spider-Man: No Way Home,No,$1921M,93%,97%,27:39,18.7%
2024,Dune: Part Two,No,$715M,92%,95%,31:39,19.1%
2024,Challengers,Yes,$96M,88%,76%,67:34,51.5%
2026,The Drama,No,$132.5M,76%,78%,95:24,90.0%
2026,The Odyssey,No,$1729M,94%,96%,8:30,4.9%
2026,Spider-Man: Brand New Day,No,$2480M,90%,97%,14:00,9.7%
2026,Dune: Part Three,Unreleased,Unreleased,Unreleased,Unreleased,Unreleased,
